<annotation>
	<folder></folder>
	<filename>IMG_0069_jpg.rf.e4dfffdddb9292ce6b88bc1b1d5d3786.jpg</filename>
	<path>IMG_0069_jpg.rf.e4dfffdddb9292ce6b88bc1b1d5d3786.jpg</path>
	<source>
		<database>roboflow.ai</database>
	</source>
	<size>
		<width>416</width>
		<height>416</height>
		<depth>3</depth>
	</size>
	<segmented>0</segmented>
	<object>
		<name>dog</name>
		<pose>Unspecified</pose>
		<truncated>0</truncated>
		<difficult>0</difficult>
		<occluded>0</occluded>
		<bndbox>
			<xmin>223</xmin>
			<xmax>313</xmax>
			<ymin>212</ymin>
			<ymax>350</ymax>
		</bndbox>
	</object>
	<object>
		<name>person</name>
		<pose>Unspecified</pose>
		<truncated>0</truncated>
		<difficult>0</difficult>
		<occluded>0</occluded>
		<bndbox>
			<xmin>325</xmin>
			<xmax>393</xmax>
			<ymin>89</ymin>
			<ymax>306</ymax>
		</bndbox>
	</object>
</annotation>
