<annotation>
	<folder></folder>
	<filename>IMG_0072_jpg.rf.84eb7e694e6d935f927dbce9dd2d650d.jpg</filename>
	<path>IMG_0072_jpg.rf.84eb7e694e6d935f927dbce9dd2d650d.jpg</path>
	<source>
		<database>roboflow.ai</database>
	</source>
	<size>
		<width>416</width>
		<height>416</height>
		<depth>3</depth>
	</size>
	<segmented>0</segmented>
	<object>
		<name>person</name>
		<pose>Unspecified</pose>
		<truncated>0</truncated>
		<difficult>0</difficult>
		<occluded>0</occluded>
		<bndbox>
			<xmin>274</xmin>
			<xmax>368</xmax>
			<ymin>8</ymin>
			<ymax>316</ymax>
		</bndbox>
	</object>
	<object>
		<name>dog</name>
		<pose>Unspecified</pose>
		<truncated>0</truncated>
		<difficult>0</difficult>
		<occluded>0</occluded>
		<bndbox>
			<xmin>245</xmin>
			<xmax>308</xmax>
			<ymin>220</ymin>
			<ymax>401</ymax>
		</bndbox>
	</object>
</annotation>
