<annotation>
	<folder></folder>
	<filename>IMG_0105_jpg.rf.267ff05e80fdfb05b1535e88f2305ed6.jpg</filename>
	<path>IMG_0105_jpg.rf.267ff05e80fdfb05b1535e88f2305ed6.jpg</path>
	<source>
		<database>roboflow.ai</database>
	</source>
	<size>
		<width>416</width>
		<height>416</height>
		<depth>3</depth>
	</size>
	<segmented>0</segmented>
	<object>
		<name>person</name>
		<pose>Unspecified</pose>
		<truncated>0</truncated>
		<difficult>0</difficult>
		<occluded>0</occluded>
		<bndbox>
			<xmin>166</xmin>
			<xmax>232</xmax>
			<ymin>23</ymin>
			<ymax>320</ymax>
		</bndbox>
	</object>
	<object>
		<name>dog</name>
		<pose>Unspecified</pose>
		<truncated>0</truncated>
		<difficult>0</difficult>
		<occluded>0</occluded>
		<bndbox>
			<xmin>303</xmin>
			<xmax>382</xmax>
			<ymin>249</ymin>
			<ymax>402</ymax>
		</bndbox>
	</object>
</annotation>
