<annotation>
	<folder></folder>
	<filename>IMG_0073_jpg.rf.de782132048a329609d1ae3652a1ecfe.jpg</filename>
	<path>IMG_0073_jpg.rf.de782132048a329609d1ae3652a1ecfe.jpg</path>
	<source>
		<database>roboflow.ai</database>
	</source>
	<size>
		<width>416</width>
		<height>416</height>
		<depth>3</depth>
	</size>
	<segmented>0</segmented>
	<object>
		<name>person</name>
		<pose>Unspecified</pose>
		<truncated>0</truncated>
		<difficult>0</difficult>
		<occluded>0</occluded>
		<bndbox>
			<xmin>255</xmin>
			<xmax>337</xmax>
			<ymin>14</ymin>
			<ymax>302</ymax>
		</bndbox>
	</object>
	<object>
		<name>dog</name>
		<pose>Unspecified</pose>
		<truncated>0</truncated>
		<difficult>0</difficult>
		<occluded>0</occluded>
		<bndbox>
			<xmin>254</xmin>
			<xmax>337</xmax>
			<ymin>200</ymin>
			<ymax>377</ymax>
		</bndbox>
	</object>
</annotation>
