<annotation>
	<folder></folder>
	<filename>IMG_0063_jpg.rf.f3575c4974ec9793a9db9173ebfec8e7.jpg</filename>
	<path>IMG_0063_jpg.rf.f3575c4974ec9793a9db9173ebfec8e7.jpg</path>
	<source>
		<database>roboflow.ai</database>
	</source>
	<size>
		<width>416</width>
		<height>416</height>
		<depth>3</depth>
	</size>
	<segmented>0</segmented>
	<object>
		<name>dog</name>
		<pose>Unspecified</pose>
		<truncated>0</truncated>
		<difficult>0</difficult>
		<occluded>0</occluded>
		<bndbox>
			<xmin>243</xmin>
			<xmax>358</xmax>
			<ymin>231</ymin>
			<ymax>412</ymax>
		</bndbox>
	</object>
	<object>
		<name>person</name>
		<pose>Unspecified</pose>
		<truncated>0</truncated>
		<difficult>0</difficult>
		<occluded>0</occluded>
		<bndbox>
			<xmin>141</xmin>
			<xmax>281</xmax>
			<ymin>4</ymin>
			<ymax>413</ymax>
		</bndbox>
	</object>
</annotation>
