<annotation>
	<folder></folder>
	<filename>IMG_0038_jpg.rf.400840ae815add24cd2e1a3e8d6a8640.jpg</filename>
	<path>IMG_0038_jpg.rf.400840ae815add24cd2e1a3e8d6a8640.jpg</path>
	<source>
		<database>roboflow.ai</database>
	</source>
	<size>
		<width>416</width>
		<height>416</height>
		<depth>3</depth>
	</size>
	<segmented>0</segmented>
	<object>
		<name>person</name>
		<pose>Unspecified</pose>
		<truncated>0</truncated>
		<difficult>0</difficult>
		<occluded>0</occluded>
		<bndbox>
			<xmin>319</xmin>
			<xmax>336</xmax>
			<ymin>126</ymin>
			<ymax>181</ymax>
		</bndbox>
	</object>
</annotation>
