<annotation>
	<folder></folder>
	<filename>IMG_0003 4_jpg.rf.f9cf0333c4f525754b9c6212805a5bec.jpg</filename>
	<path>IMG_0003 4_jpg.rf.f9cf0333c4f525754b9c6212805a5bec.jpg</path>
	<source>
		<database>roboflow.ai</database>
	</source>
	<size>
		<width>416</width>
		<height>416</height>
		<depth>3</depth>
	</size>
	<segmented>0</segmented>
	<object>
		<name>person</name>
		<pose>Unspecified</pose>
		<truncated>0</truncated>
		<difficult>0</difficult>
		<occluded>0</occluded>
		<bndbox>
			<xmin>271</xmin>
			<xmax>308</xmax>
			<ymin>183</ymin>
			<ymax>243</ymax>
		</bndbox>
	</object>
	<object>
		<name>person</name>
		<pose>Unspecified</pose>
		<truncated>0</truncated>
		<difficult>0</difficult>
		<occluded>0</occluded>
		<bndbox>
			<xmin>221</xmin>
			<xmax>274</xmax>
			<ymin>179</ymin>
			<ymax>248</ymax>
		</bndbox>
	</object>
</annotation>
