<annotation>
	<folder></folder>
	<filename>IMG_0052_jpg.rf.e3601e18359fb571b073c4fcfbadbef9.jpg</filename>
	<path>IMG_0052_jpg.rf.e3601e18359fb571b073c4fcfbadbef9.jpg</path>
	<source>
		<database>roboflow.ai</database>
	</source>
	<size>
		<width>416</width>
		<height>416</height>
		<depth>3</depth>
	</size>
	<segmented>0</segmented>
	<object>
		<name>dog</name>
		<pose>Unspecified</pose>
		<truncated>0</truncated>
		<difficult>0</difficult>
		<occluded>0</occluded>
		<bndbox>
			<xmin>169</xmin>
			<xmax>386</xmax>
			<ymin>27</ymin>
			<ymax>396</ymax>
		</bndbox>
	</object>
</annotation>
