<annotation>
	<folder></folder>
	<filename>IMG_0019_jpg.rf.f8f764e902c0850d43035f4bb9026fdd.jpg</filename>
	<path>IMG_0019_jpg.rf.f8f764e902c0850d43035f4bb9026fdd.jpg</path>
	<source>
		<database>roboflow.ai</database>
	</source>
	<size>
		<width>416</width>
		<height>416</height>
		<depth>3</depth>
	</size>
	<segmented>0</segmented>
	<object>
		<name>dog</name>
		<pose>Unspecified</pose>
		<truncated>0</truncated>
		<difficult>0</difficult>
		<occluded>0</occluded>
		<bndbox>
			<xmin>34</xmin>
			<xmax>338</xmax>
			<ymin>119</ymin>
			<ymax>412</ymax>
		</bndbox>
	</object>
</annotation>
