<annotation>
	<folder></folder>
	<filename>IMG_0010_jpg.rf.ec40fde2885f1d28c262be1b290c6dd3.jpg</filename>
	<path>IMG_0010_jpg.rf.ec40fde2885f1d28c262be1b290c6dd3.jpg</path>
	<source>
		<database>roboflow.ai</database>
	</source>
	<size>
		<width>416</width>
		<height>416</height>
		<depth>3</depth>
	</size>
	<segmented>0</segmented>
	<object>
		<name>dog</name>
		<pose>Unspecified</pose>
		<truncated>0</truncated>
		<difficult>0</difficult>
		<occluded>0</occluded>
		<bndbox>
			<xmin>227</xmin>
			<xmax>296</xmax>
			<ymin>216</ymin>
			<ymax>260</ymax>
		</bndbox>
	</object>
</annotation>
