<annotation>
	<folder></folder>
	<filename>IMG_0007 5_jpg.rf.b6cc103cc795e75cf124dc75dbdcccc0.jpg</filename>
	<path>IMG_0007 5_jpg.rf.b6cc103cc795e75cf124dc75dbdcccc0.jpg</path>
	<source>
		<database>roboflow.ai</database>
	</source>
	<size>
		<width>416</width>
		<height>416</height>
		<depth>3</depth>
	</size>
	<segmented>0</segmented>
	<object>
		<name>person</name>
		<pose>Unspecified</pose>
		<truncated>0</truncated>
		<difficult>0</difficult>
		<occluded>0</occluded>
		<bndbox>
			<xmin>42</xmin>
			<xmax>179</xmax>
			<ymin>2</ymin>
			<ymax>381</ymax>
		</bndbox>
	</object>
	<object>
		<name>dog</name>
		<pose>Unspecified</pose>
		<truncated>0</truncated>
		<difficult>0</difficult>
		<occluded>0</occluded>
		<bndbox>
			<xmin>194</xmin>
			<xmax>311</xmax>
			<ymin>219</ymin>
			<ymax>412</ymax>
		</bndbox>
	</object>
</annotation>
