<annotation>
	<folder></folder>
	<filename>IMG_0015_jpg.rf.2f42751efe387568c1f414ecd5b95caa.jpg</filename>
	<path>IMG_0015_jpg.rf.2f42751efe387568c1f414ecd5b95caa.jpg</path>
	<source>
		<database>roboflow.ai</database>
	</source>
	<size>
		<width>416</width>
		<height>416</height>
		<depth>3</depth>
	</size>
	<segmented>0</segmented>
	<object>
		<name>dog</name>
		<pose>Unspecified</pose>
		<truncated>0</truncated>
		<difficult>0</difficult>
		<occluded>0</occluded>
		<bndbox>
			<xmin>304</xmin>
			<xmax>335</xmax>
			<ymin>115</ymin>
			<ymax>194</ymax>
		</bndbox>
	</object>
</annotation>
