<annotation>
	<folder></folder>
	<filename>IMG_0087_jpg.rf.99e05b63c6208f51dcafc9ebb64ce858.jpg</filename>
	<path>IMG_0087_jpg.rf.99e05b63c6208f51dcafc9ebb64ce858.jpg</path>
	<source>
		<database>roboflow.ai</database>
	</source>
	<size>
		<width>416</width>
		<height>416</height>
		<depth>3</depth>
	</size>
	<segmented>0</segmented>
	<object>
		<name>dog</name>
		<pose>Unspecified</pose>
		<truncated>0</truncated>
		<difficult>0</difficult>
		<occluded>0</occluded>
		<bndbox>
			<xmin>10</xmin>
			<xmax>328</xmax>
			<ymin>120</ymin>
			<ymax>400</ymax>
		</bndbox>
	</object>
</annotation>
