<annotation>
	<folder></folder>
	<filename>IMG_0097_jpg.rf.bf659b88d95add4b2cc4d25ebc5a3eff.jpg</filename>
	<path>IMG_0097_jpg.rf.bf659b88d95add4b2cc4d25ebc5a3eff.jpg</path>
	<source>
		<database>roboflow.ai</database>
	</source>
	<size>
		<width>416</width>
		<height>416</height>
		<depth>3</depth>
	</size>
	<segmented>0</segmented>
	<object>
		<name>dog</name>
		<pose>Unspecified</pose>
		<truncated>0</truncated>
		<difficult>0</difficult>
		<occluded>0</occluded>
		<bndbox>
			<xmin>56</xmin>
			<xmax>345</xmax>
			<ymin>151</ymin>
			<ymax>413</ymax>
		</bndbox>
	</object>
</annotation>
