<annotation>
	<folder></folder>
	<filename>IMG_0007 2_jpg.rf.87acb3f6580791fa8e2bdde694f62bf6.jpg</filename>
	<path>IMG_0007 2_jpg.rf.87acb3f6580791fa8e2bdde694f62bf6.jpg</path>
	<source>
		<database>roboflow.ai</database>
	</source>
	<size>
		<width>416</width>
		<height>416</height>
		<depth>3</depth>
	</size>
	<segmented>0</segmented>
	<object>
		<name>dog</name>
		<pose>Unspecified</pose>
		<truncated>0</truncated>
		<difficult>0</difficult>
		<occluded>0</occluded>
		<bndbox>
			<xmin>252</xmin>
			<xmax>341</xmax>
			<ymin>113</ymin>
			<ymax>320</ymax>
		</bndbox>
	</object>
</annotation>
