<annotation>
	<folder></folder>
	<filename>IMG_0021 2_jpg.rf.7ec84be0e281428043df2e588b646445.jpg</filename>
	<path>IMG_0021 2_jpg.rf.7ec84be0e281428043df2e588b646445.jpg</path>
	<source>
		<database>roboflow.ai</database>
	</source>
	<size>
		<width>416</width>
		<height>416</height>
		<depth>3</depth>
	</size>
	<segmented>0</segmented>
	<object>
		<name>person</name>
		<pose>Unspecified</pose>
		<truncated>0</truncated>
		<difficult>0</difficult>
		<occluded>0</occluded>
		<bndbox>
			<xmin>311</xmin>
			<xmax>336</xmax>
			<ymin>88</ymin>
			<ymax>177</ymax>
		</bndbox>
	</object>
	<object>
		<name>person</name>
		<pose>Unspecified</pose>
		<truncated>0</truncated>
		<difficult>0</difficult>
		<occluded>0</occluded>
		<bndbox>
			<xmin>281</xmin>
			<xmax>312</xmax>
			<ymin>94</ymin>
			<ymax>184</ymax>
		</bndbox>
	</object>
</annotation>
