<annotation>
	<folder></folder>
	<filename>IMG_0015 3_jpg.rf.7c6c7dbee02f1f435d83fac940eb2ae7.jpg</filename>
	<path>IMG_0015 3_jpg.rf.7c6c7dbee02f1f435d83fac940eb2ae7.jpg</path>
	<source>
		<database>roboflow.ai</database>
	</source>
	<size>
		<width>416</width>
		<height>416</height>
		<depth>3</depth>
	</size>
	<segmented>0</segmented>
	<object>
		<name>person</name>
		<pose>Unspecified</pose>
		<truncated>0</truncated>
		<difficult>0</difficult>
		<occluded>0</occluded>
		<bndbox>
			<xmin>286</xmin>
			<xmax>417</xmax>
			<ymin>1</ymin>
			<ymax>185</ymax>
		</bndbox>
	</object>
	<object>
		<name>dog</name>
		<pose>Unspecified</pose>
		<truncated>0</truncated>
		<difficult>0</difficult>
		<occluded>0</occluded>
		<bndbox>
			<xmin>81</xmin>
			<xmax>408</xmax>
			<ymin>131</ymin>
			<ymax>379</ymax>
		</bndbox>
	</object>
</annotation>
