<annotation>
	<folder></folder>
	<filename>IMG_0013 2_jpg.rf.f0a4b85b15ea5828ad8e26d2ee446d31.jpg</filename>
	<path>IMG_0013 2_jpg.rf.f0a4b85b15ea5828ad8e26d2ee446d31.jpg</path>
	<source>
		<database>roboflow.ai</database>
	</source>
	<size>
		<width>416</width>
		<height>416</height>
		<depth>3</depth>
	</size>
	<segmented>0</segmented>
	<object>
		<name>person</name>
		<pose>Unspecified</pose>
		<truncated>0</truncated>
		<difficult>0</difficult>
		<occluded>0</occluded>
		<bndbox>
			<xmin>231</xmin>
			<xmax>273</xmax>
			<ymin>145</ymin>
			<ymax>276</ymax>
		</bndbox>
	</object>
	<object>
		<name>person</name>
		<pose>Unspecified</pose>
		<truncated>0</truncated>
		<difficult>0</difficult>
		<occluded>0</occluded>
		<bndbox>
			<xmin>195</xmin>
			<xmax>234</xmax>
			<ymin>157</ymin>
			<ymax>254</ymax>
		</bndbox>
	</object>
</annotation>
