<annotation>
	<folder></folder>
	<filename>IMG_0018 3_jpg.rf.ec26f27045c089c0051b523602e1106c.jpg</filename>
	<path>IMG_0018 3_jpg.rf.ec26f27045c089c0051b523602e1106c.jpg</path>
	<source>
		<database>roboflow.ai</database>
	</source>
	<size>
		<width>416</width>
		<height>416</height>
		<depth>3</depth>
	</size>
	<segmented>0</segmented>
	<object>
		<name>person</name>
		<pose>Unspecified</pose>
		<truncated>0</truncated>
		<difficult>0</difficult>
		<occluded>0</occluded>
		<bndbox>
			<xmin>72</xmin>
			<xmax>158</xmax>
			<ymin>37</ymin>
			<ymax>413</ymax>
		</bndbox>
	</object>
</annotation>
