<annotation>
	<folder></folder>
	<filename>IMG_0035 2_jpg.rf.978e0d66d5755ab3e9a53d8f74401597.jpg</filename>
	<path>IMG_0035 2_jpg.rf.978e0d66d5755ab3e9a53d8f74401597.jpg</path>
	<source>
		<database>roboflow.ai</database>
	</source>
	<size>
		<width>416</width>
		<height>416</height>
		<depth>3</depth>
	</size>
	<segmented>0</segmented>
	<object>
		<name>person</name>
		<pose>Unspecified</pose>
		<truncated>0</truncated>
		<difficult>0</difficult>
		<occluded>0</occluded>
		<bndbox>
			<xmin>144</xmin>
			<xmax>164</xmax>
			<ymin>200</ymin>
			<ymax>264</ymax>
		</bndbox>
	</object>
</annotation>
