<annotation>
	<folder></folder>
	<filename>IMG_0004 2_jpg.rf.70393df2ea42aae5b9f7ce486efd7048.jpg</filename>
	<path>IMG_0004 2_jpg.rf.70393df2ea42aae5b9f7ce486efd7048.jpg</path>
	<source>
		<database>roboflow.ai</database>
	</source>
	<size>
		<width>416</width>
		<height>416</height>
		<depth>3</depth>
	</size>
	<segmented>0</segmented>
	<object>
		<name>dog</name>
		<pose>Unspecified</pose>
		<truncated>0</truncated>
		<difficult>0</difficult>
		<occluded>0</occluded>
		<bndbox>
			<xmin>44</xmin>
			<xmax>354</xmax>
			<ymin>42</ymin>
			<ymax>360</ymax>
		</bndbox>
	</object>
</annotation>
