<annotation>
	<folder></folder>
	<filename>IMG_0057_jpg.rf.4c70b90c7846ee9ce3b879c93336dd6c.jpg</filename>
	<path>IMG_0057_jpg.rf.4c70b90c7846ee9ce3b879c93336dd6c.jpg</path>
	<source>
		<database>roboflow.ai</database>
	</source>
	<size>
		<width>416</width>
		<height>416</height>
		<depth>3</depth>
	</size>
	<segmented>0</segmented>
	<object>
		<name>person</name>
		<pose>Unspecified</pose>
		<truncated>0</truncated>
		<difficult>0</difficult>
		<occluded>0</occluded>
		<bndbox>
			<xmin>33</xmin>
			<xmax>173</xmax>
			<ymin>2</ymin>
			<ymax>392</ymax>
		</bndbox>
	</object>
	<object>
		<name>dog</name>
		<pose>Unspecified</pose>
		<truncated>0</truncated>
		<difficult>0</difficult>
		<occluded>0</occluded>
		<bndbox>
			<xmin>159</xmin>
			<xmax>329</xmax>
			<ymin>178</ymin>
			<ymax>413</ymax>
		</bndbox>
	</object>
</annotation>
