<annotation>
	<folder></folder>
	<filename>IMG_0012 3_jpg.rf.111105775c3f68907aae21767c35d634.jpg</filename>
	<path>IMG_0012 3_jpg.rf.111105775c3f68907aae21767c35d634.jpg</path>
	<source>
		<database>roboflow.ai</database>
	</source>
	<size>
		<width>416</width>
		<height>416</height>
		<depth>3</depth>
	</size>
	<segmented>0</segmented>
	<object>
		<name>person</name>
		<pose>Unspecified</pose>
		<truncated>0</truncated>
		<difficult>0</difficult>
		<occluded>0</occluded>
		<bndbox>
			<xmin>237</xmin>
			<xmax>416</xmax>
			<ymin>9</ymin>
			<ymax>411</ymax>
		</bndbox>
	</object>
</annotation>
