<annotation>
	<folder></folder>
	<filename>IMG_0008 4_jpg.rf.bc06dce81208d04dc19ca562a47a95f9.jpg</filename>
	<path>IMG_0008 4_jpg.rf.bc06dce81208d04dc19ca562a47a95f9.jpg</path>
	<source>
		<database>roboflow.ai</database>
	</source>
	<size>
		<width>416</width>
		<height>416</height>
		<depth>3</depth>
	</size>
	<segmented>0</segmented>
	<object>
		<name>person</name>
		<pose>Unspecified</pose>
		<truncated>0</truncated>
		<difficult>0</difficult>
		<occluded>0</occluded>
		<bndbox>
			<xmin>226</xmin>
			<xmax>371</xmax>
			<ymin>2</ymin>
			<ymax>337</ymax>
		</bndbox>
	</object>
	<object>
		<name>dog</name>
		<pose>Unspecified</pose>
		<truncated>0</truncated>
		<difficult>0</difficult>
		<occluded>0</occluded>
		<bndbox>
			<xmin>99</xmin>
			<xmax>275</xmax>
			<ymin>153</ymin>
			<ymax>412</ymax>
		</bndbox>
	</object>
</annotation>
