<annotation>
	<folder></folder>
	<filename>IMG_0034 2_jpg.rf.f259cedb976f2375d8529bf91084dfb5.jpg</filename>
	<path>IMG_0034 2_jpg.rf.f259cedb976f2375d8529bf91084dfb5.jpg</path>
	<source>
		<database>roboflow.ai</database>
	</source>
	<size>
		<width>416</width>
		<height>416</height>
		<depth>3</depth>
	</size>
	<segmented>0</segmented>
	<object>
		<name>person</name>
		<pose>Unspecified</pose>
		<truncated>0</truncated>
		<difficult>0</difficult>
		<occluded>0</occluded>
		<bndbox>
			<xmin>296</xmin>
			<xmax>317</xmax>
			<ymin>192</ymin>
			<ymax>258</ymax>
		</bndbox>
	</object>
</annotation>
