<annotation>
	<folder></folder>
	<filename>IMG_0011 3_jpg.rf.d60be72479c3d4bd853415082a783f3c.jpg</filename>
	<path>IMG_0011 3_jpg.rf.d60be72479c3d4bd853415082a783f3c.jpg</path>
	<source>
		<database>roboflow.ai</database>
	</source>
	<size>
		<width>416</width>
		<height>416</height>
		<depth>3</depth>
	</size>
	<segmented>0</segmented>
	<object>
		<name>person</name>
		<pose>Unspecified</pose>
		<truncated>0</truncated>
		<difficult>0</difficult>
		<occluded>0</occluded>
		<bndbox>
			<xmin>304</xmin>
			<xmax>417</xmax>
			<ymin>2</ymin>
			<ymax>309</ymax>
		</bndbox>
	</object>
	<object>
		<name>dog</name>
		<pose>Unspecified</pose>
		<truncated>0</truncated>
		<difficult>0</difficult>
		<occluded>0</occluded>
		<bndbox>
			<xmin>79</xmin>
			<xmax>416</xmax>
			<ymin>145</ymin>
			<ymax>412</ymax>
		</bndbox>
	</object>
</annotation>
