<annotation>
	<folder></folder>
	<filename>IMG_0065_jpg.rf.7dab4e4097469f19d739a34f48f81e18.jpg</filename>
	<path>IMG_0065_jpg.rf.7dab4e4097469f19d739a34f48f81e18.jpg</path>
	<source>
		<database>roboflow.ai</database>
	</source>
	<size>
		<width>416</width>
		<height>416</height>
		<depth>3</depth>
	</size>
	<segmented>0</segmented>
	<object>
		<name>dog</name>
		<pose>Unspecified</pose>
		<truncated>0</truncated>
		<difficult>0</difficult>
		<occluded>0</occluded>
		<bndbox>
			<xmin>174</xmin>
			<xmax>302</xmax>
			<ymin>217</ymin>
			<ymax>412</ymax>
		</bndbox>
	</object>
	<object>
		<name>person</name>
		<pose>Unspecified</pose>
		<truncated>0</truncated>
		<difficult>0</difficult>
		<occluded>0</occluded>
		<bndbox>
			<xmin>89</xmin>
			<xmax>220</xmax>
			<ymin>2</ymin>
			<ymax>412</ymax>
		</bndbox>
	</object>
</annotation>
