<annotation>
	<folder></folder>
	<filename>IMG_0091_jpg.rf.fff4833e9c0eadc1d98c8d2211eb7453.jpg</filename>
	<path>IMG_0091_jpg.rf.fff4833e9c0eadc1d98c8d2211eb7453.jpg</path>
	<source>
		<database>roboflow.ai</database>
	</source>
	<size>
		<width>416</width>
		<height>416</height>
		<depth>3</depth>
	</size>
	<segmented>0</segmented>
	<object>
		<name>dog</name>
		<pose>Unspecified</pose>
		<truncated>0</truncated>
		<difficult>0</difficult>
		<occluded>0</occluded>
		<bndbox>
			<xmin>47</xmin>
			<xmax>348</xmax>
			<ymin>91</ymin>
			<ymax>363</ymax>
		</bndbox>
	</object>
</annotation>
