<annotation>
	<folder></folder>
	<filename>IMG_0056_jpg.rf.0255dca8946ea0a34592394acd67b11b.jpg</filename>
	<path>IMG_0056_jpg.rf.0255dca8946ea0a34592394acd67b11b.jpg</path>
	<source>
		<database>roboflow.ai</database>
	</source>
	<size>
		<width>416</width>
		<height>416</height>
		<depth>3</depth>
	</size>
	<segmented>0</segmented>
	<object>
		<name>dog</name>
		<pose>Unspecified</pose>
		<truncated>0</truncated>
		<difficult>0</difficult>
		<occluded>0</occluded>
		<bndbox>
			<xmin>40</xmin>
			<xmax>324</xmax>
			<ymin>65</ymin>
			<ymax>410</ymax>
		</bndbox>
	</object>
</annotation>
