<annotation>
	<folder></folder>
	<filename>IMG_0017 3_jpg.rf.52515a333e393ad3f072dfc069ae5832.jpg</filename>
	<path>IMG_0017 3_jpg.rf.52515a333e393ad3f072dfc069ae5832.jpg</path>
	<source>
		<database>roboflow.ai</database>
	</source>
	<size>
		<width>416</width>
		<height>416</height>
		<depth>3</depth>
	</size>
	<segmented>0</segmented>
	<object>
		<name>person</name>
		<pose>Unspecified</pose>
		<truncated>0</truncated>
		<difficult>0</difficult>
		<occluded>0</occluded>
		<bndbox>
			<xmin>51</xmin>
			<xmax>242</xmax>
			<ymin>27</ymin>
			<ymax>416</ymax>
		</bndbox>
	</object>
</annotation>
