<annotation>
	<folder></folder>
	<filename>IMG_0016 3_jpg.rf.bc87ca013fe52e895cf2b20074742837.jpg</filename>
	<path>IMG_0016 3_jpg.rf.bc87ca013fe52e895cf2b20074742837.jpg</path>
	<source>
		<database>roboflow.ai</database>
	</source>
	<size>
		<width>416</width>
		<height>416</height>
		<depth>3</depth>
	</size>
	<segmented>0</segmented>
	<object>
		<name>person</name>
		<pose>Unspecified</pose>
		<truncated>0</truncated>
		<difficult>0</difficult>
		<occluded>0</occluded>
		<bndbox>
			<xmin>66</xmin>
			<xmax>266</xmax>
			<ymin>15</ymin>
			<ymax>416</ymax>
		</bndbox>
	</object>
</annotation>
