<annotation>
	<folder></folder>
	<filename>IMG_0034_jpg.rf.ac7603e9ede042777df4e3e6689daea4.jpg</filename>
	<path>IMG_0034_jpg.rf.ac7603e9ede042777df4e3e6689daea4.jpg</path>
	<source>
		<database>roboflow.ai</database>
	</source>
	<size>
		<width>416</width>
		<height>416</height>
		<depth>3</depth>
	</size>
	<segmented>0</segmented>
	<object>
		<name>dog</name>
		<pose>Unspecified</pose>
		<truncated>0</truncated>
		<difficult>0</difficult>
		<occluded>0</occluded>
		<bndbox>
			<xmin>70</xmin>
			<xmax>381</xmax>
			<ymin>62</ymin>
			<ymax>402</ymax>
		</bndbox>
	</object>
</annotation>
