<annotation>
	<folder></folder>
	<filename>IMG_0082_jpg.rf.60c9437020330ae6a9642764836659ab.jpg</filename>
	<path>IMG_0082_jpg.rf.60c9437020330ae6a9642764836659ab.jpg</path>
	<source>
		<database>roboflow.ai</database>
	</source>
	<size>
		<width>416</width>
		<height>416</height>
		<depth>3</depth>
	</size>
	<segmented>0</segmented>
	<object>
		<name>dog</name>
		<pose>Unspecified</pose>
		<truncated>0</truncated>
		<difficult>0</difficult>
		<occluded>0</occluded>
		<bndbox>
			<xmin>2</xmin>
			<xmax>407</xmax>
			<ymin>87</ymin>
			<ymax>411</ymax>
		</bndbox>
	</object>
</annotation>
