<annotation>
	<folder></folder>
	<filename>IMG_0026_jpg.rf.d4906807659e735dfa2e6224ad2e63b7.jpg</filename>
	<path>IMG_0026_jpg.rf.d4906807659e735dfa2e6224ad2e63b7.jpg</path>
	<source>
		<database>roboflow.ai</database>
	</source>
	<size>
		<width>416</width>
		<height>416</height>
		<depth>3</depth>
	</size>
	<segmented>0</segmented>
	<object>
		<name>dog</name>
		<pose>Unspecified</pose>
		<truncated>0</truncated>
		<difficult>0</difficult>
		<occluded>0</occluded>
		<bndbox>
			<xmin>53</xmin>
			<xmax>323</xmax>
			<ymin>111</ymin>
			<ymax>387</ymax>
		</bndbox>
	</object>
</annotation>
