<annotation>
	<folder></folder>
	<filename>IMG_0039_jpg.rf.820f7a47aab6f2d2c80dcde3c9b39e8b.jpg</filename>
	<path>IMG_0039_jpg.rf.820f7a47aab6f2d2c80dcde3c9b39e8b.jpg</path>
	<source>
		<database>roboflow.ai</database>
	</source>
	<size>
		<width>416</width>
		<height>416</height>
		<depth>3</depth>
	</size>
	<segmented>0</segmented>
	<object>
		<name>dog</name>
		<pose>Unspecified</pose>
		<truncated>0</truncated>
		<difficult>0</difficult>
		<occluded>0</occluded>
		<bndbox>
			<xmin>28</xmin>
			<xmax>395</xmax>
			<ymin>104</ymin>
			<ymax>397</ymax>
		</bndbox>
	</object>
</annotation>
