<annotation>
	<folder></folder>
	<filename>IMG_0019 2_jpg.rf.bf2c9f47bd1f649bb91e96b97035d287.jpg</filename>
	<path>IMG_0019 2_jpg.rf.bf2c9f47bd1f649bb91e96b97035d287.jpg</path>
	<source>
		<database>roboflow.ai</database>
	</source>
	<size>
		<width>416</width>
		<height>416</height>
		<depth>3</depth>
	</size>
	<segmented>0</segmented>
	<object>
		<name>person</name>
		<pose>Unspecified</pose>
		<truncated>0</truncated>
		<difficult>0</difficult>
		<occluded>0</occluded>
		<bndbox>
			<xmin>68</xmin>
			<xmax>102</xmax>
			<ymin>97</ymin>
			<ymax>192</ymax>
		</bndbox>
	</object>
	<object>
		<name>person</name>
		<pose>Unspecified</pose>
		<truncated>0</truncated>
		<difficult>0</difficult>
		<occluded>0</occluded>
		<bndbox>
			<xmin>28</xmin>
			<xmax>67</xmax>
			<ymin>105</ymin>
			<ymax>201</ymax>
		</bndbox>
	</object>
</annotation>
