<annotation>
	<folder></folder>
	<filename>IMG_0030_jpg.rf.195ef158e6ac2e84d7f2d612ae251673.jpg</filename>
	<path>IMG_0030_jpg.rf.195ef158e6ac2e84d7f2d612ae251673.jpg</path>
	<source>
		<database>roboflow.ai</database>
	</source>
	<size>
		<width>416</width>
		<height>416</height>
		<depth>3</depth>
	</size>
	<segmented>0</segmented>
	<object>
		<name>dog</name>
		<pose>Unspecified</pose>
		<truncated>0</truncated>
		<difficult>0</difficult>
		<occluded>0</occluded>
		<bndbox>
			<xmin>72</xmin>
			<xmax>333</xmax>
			<ymin>95</ymin>
			<ymax>366</ymax>
		</bndbox>
	</object>
</annotation>
