<annotation>
	<folder></folder>
	<filename>IMG_0104_jpg.rf.b5469c530e0c52eaa12c031fe354aaec.jpg</filename>
	<path>IMG_0104_jpg.rf.b5469c530e0c52eaa12c031fe354aaec.jpg</path>
	<source>
		<database>roboflow.ai</database>
	</source>
	<size>
		<width>416</width>
		<height>416</height>
		<depth>3</depth>
	</size>
	<segmented>0</segmented>
	<object>
		<name>dog</name>
		<pose>Unspecified</pose>
		<truncated>0</truncated>
		<difficult>0</difficult>
		<occluded>0</occluded>
		<bndbox>
			<xmin>296</xmin>
			<xmax>406</xmax>
			<ymin>235</ymin>
			<ymax>388</ymax>
		</bndbox>
	</object>
	<object>
		<name>person</name>
		<pose>Unspecified</pose>
		<truncated>0</truncated>
		<difficult>0</difficult>
		<occluded>0</occluded>
		<bndbox>
			<xmin>163</xmin>
			<xmax>226</xmax>
			<ymin>7</ymin>
			<ymax>300</ymax>
		</bndbox>
	</object>
</annotation>
