<annotation>
	<folder></folder>
	<filename>IMG_0023_jpg.rf.ee11f7137fe68851929f6de26e94ad97.jpg</filename>
	<path>IMG_0023_jpg.rf.ee11f7137fe68851929f6de26e94ad97.jpg</path>
	<source>
		<database>roboflow.ai</database>
	</source>
	<size>
		<width>416</width>
		<height>416</height>
		<depth>3</depth>
	</size>
	<segmented>0</segmented>
	<object>
		<name>dog</name>
		<pose>Unspecified</pose>
		<truncated>0</truncated>
		<difficult>0</difficult>
		<occluded>0</occluded>
		<bndbox>
			<xmin>83</xmin>
			<xmax>355</xmax>
			<ymin>115</ymin>
			<ymax>394</ymax>
		</bndbox>
	</object>
</annotation>
