<annotation>
	<folder></folder>
	<filename>IMG_0049_jpg.rf.2ac366f69cbf43322bb89f75eed19a22.jpg</filename>
	<path>IMG_0049_jpg.rf.2ac366f69cbf43322bb89f75eed19a22.jpg</path>
	<source>
		<database>roboflow.ai</database>
	</source>
	<size>
		<width>416</width>
		<height>416</height>
		<depth>3</depth>
	</size>
	<segmented>0</segmented>
	<object>
		<name>dog</name>
		<pose>Unspecified</pose>
		<truncated>0</truncated>
		<difficult>0</difficult>
		<occluded>0</occluded>
		<bndbox>
			<xmin>157</xmin>
			<xmax>416</xmax>
			<ymin>33</ymin>
			<ymax>398</ymax>
		</bndbox>
	</object>
</annotation>
