<annotation>
	<folder></folder>
	<filename>IMG_0003 3_jpg.rf.440d55075470010e5c2668c8d77f42d4.jpg</filename>
	<path>IMG_0003 3_jpg.rf.440d55075470010e5c2668c8d77f42d4.jpg</path>
	<source>
		<database>roboflow.ai</database>
	</source>
	<size>
		<width>416</width>
		<height>416</height>
		<depth>3</depth>
	</size>
	<segmented>0</segmented>
	<object>
		<name>dog</name>
		<pose>Unspecified</pose>
		<truncated>0</truncated>
		<difficult>0</difficult>
		<occluded>0</occluded>
		<bndbox>
			<xmin>6</xmin>
			<xmax>246</xmax>
			<ymin>138</ymin>
			<ymax>262</ymax>
		</bndbox>
	</object>
</annotation>
