<annotation>
	<folder></folder>
	<filename>IMG_0006 4_jpg.rf.c99fb087ed0232d9d84e6e641c6571a2.jpg</filename>
	<path>IMG_0006 4_jpg.rf.c99fb087ed0232d9d84e6e641c6571a2.jpg</path>
	<source>
		<database>roboflow.ai</database>
	</source>
	<size>
		<width>416</width>
		<height>416</height>
		<depth>3</depth>
	</size>
	<segmented>0</segmented>
	<object>
		<name>person</name>
		<pose>Unspecified</pose>
		<truncated>0</truncated>
		<difficult>0</difficult>
		<occluded>0</occluded>
		<bndbox>
			<xmin>283</xmin>
			<xmax>316</xmax>
			<ymin>167</ymin>
			<ymax>224</ymax>
		</bndbox>
	</object>
	<object>
		<name>person</name>
		<pose>Unspecified</pose>
		<truncated>0</truncated>
		<difficult>0</difficult>
		<occluded>0</occluded>
		<bndbox>
			<xmin>239</xmin>
			<xmax>288</xmax>
			<ymin>158</ymin>
			<ymax>225</ymax>
		</bndbox>
	</object>
</annotation>
