<annotation>
	<folder></folder>
	<filename>IMG_0096_jpg.rf.1ee95cc1c64f891e5037413225314247.jpg</filename>
	<path>IMG_0096_jpg.rf.1ee95cc1c64f891e5037413225314247.jpg</path>
	<source>
		<database>roboflow.ai</database>
	</source>
	<size>
		<width>416</width>
		<height>416</height>
		<depth>3</depth>
	</size>
	<segmented>0</segmented>
	<object>
		<name>person</name>
		<pose>Unspecified</pose>
		<truncated>0</truncated>
		<difficult>0</difficult>
		<occluded>0</occluded>
		<bndbox>
			<xmin>324</xmin>
			<xmax>351</xmax>
			<ymin>209</ymin>
			<ymax>248</ymax>
		</bndbox>
	</object>
	<object>
		<name>person</name>
		<pose>Unspecified</pose>
		<truncated>0</truncated>
		<difficult>0</difficult>
		<occluded>0</occluded>
		<bndbox>
			<xmin>305</xmin>
			<xmax>327</xmax>
			<ymin>210</ymin>
			<ymax>249</ymax>
		</bndbox>
	</object>
</annotation>
