<annotation>
	<folder></folder>
	<filename>IMG_0108_jpg.rf.c5068dbf6f5c4190b32f54fee8848d50.jpg</filename>
	<path>IMG_0108_jpg.rf.c5068dbf6f5c4190b32f54fee8848d50.jpg</path>
	<source>
		<database>roboflow.ai</database>
	</source>
	<size>
		<width>416</width>
		<height>416</height>
		<depth>3</depth>
	</size>
	<segmented>0</segmented>
	<object>
		<name>person</name>
		<pose>Unspecified</pose>
		<truncated>0</truncated>
		<difficult>0</difficult>
		<occluded>0</occluded>
		<bndbox>
			<xmin>17</xmin>
			<xmax>383</xmax>
			<ymin>93</ymin>
			<ymax>414</ymax>
		</bndbox>
	</object>
</annotation>
