<annotation>
	<folder></folder>
	<filename>IMG_0008_jpg.rf.b05541612b25802b185bb5f93c069cf3.jpg</filename>
	<path>IMG_0008_jpg.rf.b05541612b25802b185bb5f93c069cf3.jpg</path>
	<source>
		<database>roboflow.ai</database>
	</source>
	<size>
		<width>416</width>
		<height>416</height>
		<depth>3</depth>
	</size>
	<segmented>0</segmented>
	<object>
		<name>dog</name>
		<pose>Unspecified</pose>
		<truncated>0</truncated>
		<difficult>0</difficult>
		<occluded>0</occluded>
		<bndbox>
			<xmin>123</xmin>
			<xmax>156</xmax>
			<ymin>216</ymin>
			<ymax>259</ymax>
		</bndbox>
	</object>
</annotation>
