<annotation>
	<folder></folder>
	<filename>IMG_0051_jpg.rf.b45f6ec5f7fa576d8653edd1dad889fd.jpg</filename>
	<path>IMG_0051_jpg.rf.b45f6ec5f7fa576d8653edd1dad889fd.jpg</path>
	<source>
		<database>roboflow.ai</database>
	</source>
	<size>
		<width>416</width>
		<height>416</height>
		<depth>3</depth>
	</size>
	<segmented>0</segmented>
	<object>
		<name>dog</name>
		<pose>Unspecified</pose>
		<truncated>0</truncated>
		<difficult>0</difficult>
		<occluded>0</occluded>
		<bndbox>
			<xmin>150</xmin>
			<xmax>366</xmax>
			<ymin>27</ymin>
			<ymax>394</ymax>
		</bndbox>
	</object>
</annotation>
