<annotation>
	<folder></folder>
	<filename>IMG_0049 2_jpg.rf.8ec0d0976887ccb31073dc9c7a487bd2.jpg</filename>
	<path>IMG_0049 2_jpg.rf.8ec0d0976887ccb31073dc9c7a487bd2.jpg</path>
	<source>
		<database>roboflow.ai</database>
	</source>
	<size>
		<width>416</width>
		<height>416</height>
		<depth>3</depth>
	</size>
	<segmented>0</segmented>
	<object>
		<name>person</name>
		<pose>Unspecified</pose>
		<truncated>0</truncated>
		<difficult>0</difficult>
		<occluded>0</occluded>
		<bndbox>
			<xmin>267</xmin>
			<xmax>308</xmax>
			<ymin>112</ymin>
			<ymax>179</ymax>
		</bndbox>
	</object>
</annotation>
