<annotation>
	<folder></folder>
	<filename>IMG_0005 2_jpg.rf.224a25e21ebb388d22f3e1bf0775636e.jpg</filename>
	<path>IMG_0005 2_jpg.rf.224a25e21ebb388d22f3e1bf0775636e.jpg</path>
	<source>
		<database>roboflow.ai</database>
	</source>
	<size>
		<width>416</width>
		<height>416</height>
		<depth>3</depth>
	</size>
	<segmented>0</segmented>
	<object>
		<name>dog</name>
		<pose>Unspecified</pose>
		<truncated>0</truncated>
		<difficult>0</difficult>
		<occluded>0</occluded>
		<bndbox>
			<xmin>283</xmin>
			<xmax>373</xmax>
			<ymin>125</ymin>
			<ymax>340</ymax>
		</bndbox>
	</object>
</annotation>
