<annotation>
	<folder></folder>
	<filename>IMG_0090_jpg.rf.939af94c1639212b6afe925cd7e856a8.jpg</filename>
	<path>IMG_0090_jpg.rf.939af94c1639212b6afe925cd7e856a8.jpg</path>
	<source>
		<database>roboflow.ai</database>
	</source>
	<size>
		<width>416</width>
		<height>416</height>
		<depth>3</depth>
	</size>
	<segmented>0</segmented>
	<object>
		<name>dog</name>
		<pose>Unspecified</pose>
		<truncated>0</truncated>
		<difficult>0</difficult>
		<occluded>0</occluded>
		<bndbox>
			<xmin>54</xmin>
			<xmax>344</xmax>
			<ymin>100</ymin>
			<ymax>369</ymax>
		</bndbox>
	</object>
</annotation>
