<annotation>
	<folder></folder>
	<filename>IMG_0025 2_jpg.rf.3490ff0ada1cf79d52c73edd21e7e631.jpg</filename>
	<path>IMG_0025 2_jpg.rf.3490ff0ada1cf79d52c73edd21e7e631.jpg</path>
	<source>
		<database>roboflow.ai</database>
	</source>
	<size>
		<width>416</width>
		<height>416</height>
		<depth>3</depth>
	</size>
	<segmented>0</segmented>
	<object>
		<name>person</name>
		<pose>Unspecified</pose>
		<truncated>0</truncated>
		<difficult>0</difficult>
		<occluded>0</occluded>
		<bndbox>
			<xmin>264</xmin>
			<xmax>282</xmax>
			<ymin>201</ymin>
			<ymax>240</ymax>
		</bndbox>
	</object>
	<object>
		<name>person</name>
		<pose>Unspecified</pose>
		<truncated>0</truncated>
		<difficult>0</difficult>
		<occluded>0</occluded>
		<bndbox>
			<xmin>247</xmin>
			<xmax>266</xmax>
			<ymin>207</ymin>
			<ymax>238</ymax>
		</bndbox>
	</object>
</annotation>
