<annotation>
	<folder></folder>
	<filename>IMG_0074_jpg.rf.64efe06bcd723dc66b0d071bfb47948a.jpg</filename>
	<path>IMG_0074_jpg.rf.64efe06bcd723dc66b0d071bfb47948a.jpg</path>
	<source>
		<database>roboflow.ai</database>
	</source>
	<size>
		<width>416</width>
		<height>416</height>
		<depth>3</depth>
	</size>
	<segmented>0</segmented>
	<object>
		<name>dog</name>
		<pose>Unspecified</pose>
		<truncated>0</truncated>
		<difficult>0</difficult>
		<occluded>0</occluded>
		<bndbox>
			<xmin>270</xmin>
			<xmax>319</xmax>
			<ymin>188</ymin>
			<ymax>359</ymax>
		</bndbox>
	</object>
	<object>
		<name>person</name>
		<pose>Unspecified</pose>
		<truncated>0</truncated>
		<difficult>0</difficult>
		<occluded>0</occluded>
		<bndbox>
			<xmin>211</xmin>
			<xmax>283</xmax>
			<ymin>13</ymin>
			<ymax>285</ymax>
		</bndbox>
	</object>
</annotation>
