<annotation>
	<folder></folder>
	<filename>IMG_0031_jpg.rf.6f81b489c1ccf2098ee772c239cabb6d.jpg</filename>
	<path>IMG_0031_jpg.rf.6f81b489c1ccf2098ee772c239cabb6d.jpg</path>
	<source>
		<database>roboflow.ai</database>
	</source>
	<size>
		<width>416</width>
		<height>416</height>
		<depth>3</depth>
	</size>
	<segmented>0</segmented>
	<object>
		<name>dog</name>
		<pose>Unspecified</pose>
		<truncated>0</truncated>
		<difficult>0</difficult>
		<occluded>0</occluded>
		<bndbox>
			<xmin>28</xmin>
			<xmax>274</xmax>
			<ymin>97</ymin>
			<ymax>365</ymax>
		</bndbox>
	</object>
</annotation>
