<annotation>
	<folder></folder>
	<filename>IMG_0013_jpg.rf.64785f107e53f89f1fe84ab32a0e1dd1.jpg</filename>
	<path>IMG_0013_jpg.rf.64785f107e53f89f1fe84ab32a0e1dd1.jpg</path>
	<source>
		<database>roboflow.ai</database>
	</source>
	<size>
		<width>416</width>
		<height>416</height>
		<depth>3</depth>
	</size>
	<segmented>0</segmented>
	<object>
		<name>dog</name>
		<pose>Unspecified</pose>
		<truncated>0</truncated>
		<difficult>0</difficult>
		<occluded>0</occluded>
		<bndbox>
			<xmin>248</xmin>
			<xmax>292</xmax>
			<ymin>180</ymin>
			<ymax>233</ymax>
		</bndbox>
	</object>
</annotation>
