<annotation>
	<folder></folder>
	<filename>IMG_0021_jpg.rf.a88916b14b4780a78b816f63c7bafd6d.jpg</filename>
	<path>IMG_0021_jpg.rf.a88916b14b4780a78b816f63c7bafd6d.jpg</path>
	<source>
		<database>roboflow.ai</database>
	</source>
	<size>
		<width>416</width>
		<height>416</height>
		<depth>3</depth>
	</size>
	<segmented>0</segmented>
	<object>
		<name>dog</name>
		<pose>Unspecified</pose>
		<truncated>0</truncated>
		<difficult>0</difficult>
		<occluded>0</occluded>
		<bndbox>
			<xmin>64</xmin>
			<xmax>377</xmax>
			<ymin>75</ymin>
			<ymax>412</ymax>
		</bndbox>
	</object>
</annotation>
