<annotation>
	<folder></folder>
	<filename>IMG_0044_jpg.rf.a643c3f6285519a91642b5382440f0c0.jpg</filename>
	<path>IMG_0044_jpg.rf.a643c3f6285519a91642b5382440f0c0.jpg</path>
	<source>
		<database>roboflow.ai</database>
	</source>
	<size>
		<width>416</width>
		<height>416</height>
		<depth>3</depth>
	</size>
	<segmented>0</segmented>
	<object>
		<name>dog</name>
		<pose>Unspecified</pose>
		<truncated>0</truncated>
		<difficult>0</difficult>
		<occluded>0</occluded>
		<bndbox>
			<xmin>1</xmin>
			<xmax>368</xmax>
			<ymin>119</ymin>
			<ymax>412</ymax>
		</bndbox>
	</object>
</annotation>
