<annotation>
	<folder></folder>
	<filename>IMG_0029 2_jpg.rf.4346e9f11f08c8f43df8da75490a8d3d.jpg</filename>
	<path>IMG_0029 2_jpg.rf.4346e9f11f08c8f43df8da75490a8d3d.jpg</path>
	<source>
		<database>roboflow.ai</database>
	</source>
	<size>
		<width>416</width>
		<height>416</height>
		<depth>3</depth>
	</size>
	<segmented>0</segmented>
	<object>
		<name>person</name>
		<pose>Unspecified</pose>
		<truncated>0</truncated>
		<difficult>0</difficult>
		<occluded>0</occluded>
		<bndbox>
			<xmin>299</xmin>
			<xmax>346</xmax>
			<ymin>172</ymin>
			<ymax>254</ymax>
		</bndbox>
	</object>
</annotation>
