<annotation>
	<folder></folder>
	<filename>IMG_0014 2_jpg.rf.eb183d2026608b14fecf0e099cd872af.jpg</filename>
	<path>IMG_0014 2_jpg.rf.eb183d2026608b14fecf0e099cd872af.jpg</path>
	<source>
		<database>roboflow.ai</database>
	</source>
	<size>
		<width>416</width>
		<height>416</height>
		<depth>3</depth>
	</size>
	<segmented>0</segmented>
	<object>
		<name>person</name>
		<pose>Unspecified</pose>
		<truncated>0</truncated>
		<difficult>0</difficult>
		<occluded>0</occluded>
		<bndbox>
			<xmin>292</xmin>
			<xmax>326</xmax>
			<ymin>140</ymin>
			<ymax>255</ymax>
		</bndbox>
	</object>
	<object>
		<name>person</name>
		<pose>Unspecified</pose>
		<truncated>0</truncated>
		<difficult>0</difficult>
		<occluded>0</occluded>
		<bndbox>
			<xmin>251</xmin>
			<xmax>291</xmax>
			<ymin>133</ymin>
			<ymax>268</ymax>
		</bndbox>
	</object>
</annotation>
