<annotation>
	<folder></folder>
	<filename>IMG_0012_jpg.rf.7308d505fcd3c240fffd18822cd7e434.jpg</filename>
	<path>IMG_0012_jpg.rf.7308d505fcd3c240fffd18822cd7e434.jpg</path>
	<source>
		<database>roboflow.ai</database>
	</source>
	<size>
		<width>416</width>
		<height>416</height>
		<depth>3</depth>
	</size>
	<segmented>0</segmented>
	<object>
		<name>dog</name>
		<pose>Unspecified</pose>
		<truncated>0</truncated>
		<difficult>0</difficult>
		<occluded>0</occluded>
		<bndbox>
			<xmin>180</xmin>
			<xmax>212</xmax>
			<ymin>164</ymin>
			<ymax>212</ymax>
		</bndbox>
	</object>
</annotation>
