<annotation>
	<folder></folder>
	<filename>IMG_0011 2_jpg.rf.cfa514c68a6e2f390672a57395c3a7f7.jpg</filename>
	<path>IMG_0011 2_jpg.rf.cfa514c68a6e2f390672a57395c3a7f7.jpg</path>
	<source>
		<database>roboflow.ai</database>
	</source>
	<size>
		<width>416</width>
		<height>416</height>
		<depth>3</depth>
	</size>
	<segmented>0</segmented>
	<object>
		<name>person</name>
		<pose>Unspecified</pose>
		<truncated>0</truncated>
		<difficult>0</difficult>
		<occluded>0</occluded>
		<bndbox>
			<xmin>198</xmin>
			<xmax>240</xmax>
			<ymin>153</ymin>
			<ymax>304</ymax>
		</bndbox>
	</object>
	<object>
		<name>person</name>
		<pose>Unspecified</pose>
		<truncated>0</truncated>
		<difficult>0</difficult>
		<occluded>0</occluded>
		<bndbox>
			<xmin>139</xmin>
			<xmax>190</xmax>
			<ymin>156</ymin>
			<ymax>298</ymax>
		</bndbox>
	</object>
</annotation>
