<annotation>
	<folder></folder>
	<filename>IMG_0109_jpg.rf.03607def018d49330ebef9a856f65812.jpg</filename>
	<path>IMG_0109_jpg.rf.03607def018d49330ebef9a856f65812.jpg</path>
	<source>
		<database>roboflow.ai</database>
	</source>
	<size>
		<width>416</width>
		<height>416</height>
		<depth>3</depth>
	</size>
	<segmented>0</segmented>
	<object>
		<name>person</name>
		<pose>Unspecified</pose>
		<truncated>0</truncated>
		<difficult>0</difficult>
		<occluded>0</occluded>
		<bndbox>
			<xmin>15</xmin>
			<xmax>375</xmax>
			<ymin>42</ymin>
			<ymax>416</ymax>
		</bndbox>
	</object>
</annotation>
