<annotation>
	<folder></folder>
	<filename>IMG_0043_jpg.rf.bca9407b423f7d80a59f4a62a847c516.jpg</filename>
	<path>IMG_0043_jpg.rf.bca9407b423f7d80a59f4a62a847c516.jpg</path>
	<source>
		<database>roboflow.ai</database>
	</source>
	<size>
		<width>416</width>
		<height>416</height>
		<depth>3</depth>
	</size>
	<segmented>0</segmented>
	<object>
		<name>dog</name>
		<pose>Unspecified</pose>
		<truncated>0</truncated>
		<difficult>0</difficult>
		<occluded>0</occluded>
		<bndbox>
			<xmin>1</xmin>
			<xmax>344</xmax>
			<ymin>113</ymin>
			<ymax>411</ymax>
		</bndbox>
	</object>
</annotation>
