<annotation>
	<folder></folder>
	<filename>IMG_0046 2_jpg.rf.34f8908b473380929b1e918b23b33d0b.jpg</filename>
	<path>IMG_0046 2_jpg.rf.34f8908b473380929b1e918b23b33d0b.jpg</path>
	<source>
		<database>roboflow.ai</database>
	</source>
	<size>
		<width>416</width>
		<height>416</height>
		<depth>3</depth>
	</size>
	<segmented>0</segmented>
	<object>
		<name>person</name>
		<pose>Unspecified</pose>
		<truncated>0</truncated>
		<difficult>0</difficult>
		<occluded>0</occluded>
		<bndbox>
			<xmin>238</xmin>
			<xmax>280</xmax>
			<ymin>81</ymin>
			<ymax>190</ymax>
		</bndbox>
	</object>
	<object>
		<name>person</name>
		<pose>Unspecified</pose>
		<truncated>0</truncated>
		<difficult>0</difficult>
		<occluded>0</occluded>
		<bndbox>
			<xmin>289</xmin>
			<xmax>334</xmax>
			<ymin>94</ymin>
			<ymax>198</ymax>
		</bndbox>
	</object>
	<object>
		<name>person</name>
		<pose>Unspecified</pose>
		<truncated>0</truncated>
		<difficult>0</difficult>
		<occluded>0</occluded>
		<bndbox>
			<xmin>191</xmin>
			<xmax>245</xmax>
			<ymin>83</ymin>
			<ymax>194</ymax>
		</bndbox>
	</object>
</annotation>
