<annotation>
	<folder></folder>
	<filename>IMG_0058_jpg.rf.ac642469d752473c06088c26c50a0746.jpg</filename>
	<path>IMG_0058_jpg.rf.ac642469d752473c06088c26c50a0746.jpg</path>
	<source>
		<database>roboflow.ai</database>
	</source>
	<size>
		<width>416</width>
		<height>416</height>
		<depth>3</depth>
	</size>
	<segmented>0</segmented>
	<object>
		<name>person</name>
		<pose>Unspecified</pose>
		<truncated>0</truncated>
		<difficult>0</difficult>
		<occluded>0</occluded>
		<bndbox>
			<xmin>255</xmin>
			<xmax>399</xmax>
			<ymin>18</ymin>
			<ymax>412</ymax>
		</bndbox>
	</object>
</annotation>
