<annotation>
	<folder></folder>
	<filename>IMG_0064_jpg.rf.07406ea9809d2492712b3e2fa3a857b3.jpg</filename>
	<path>IMG_0064_jpg.rf.07406ea9809d2492712b3e2fa3a857b3.jpg</path>
	<source>
		<database>roboflow.ai</database>
	</source>
	<size>
		<width>416</width>
		<height>416</height>
		<depth>3</depth>
	</size>
	<segmented>0</segmented>
	<object>
		<name>person</name>
		<pose>Unspecified</pose>
		<truncated>0</truncated>
		<difficult>0</difficult>
		<occluded>0</occluded>
		<bndbox>
			<xmin>96</xmin>
			<xmax>232</xmax>
			<ymin>10</ymin>
			<ymax>411</ymax>
		</bndbox>
	</object>
	<object>
		<name>dog</name>
		<pose>Unspecified</pose>
		<truncated>0</truncated>
		<difficult>0</difficult>
		<occluded>0</occluded>
		<bndbox>
			<xmin>182</xmin>
			<xmax>313</xmax>
			<ymin>242</ymin>
			<ymax>412</ymax>
		</bndbox>
	</object>
</annotation>
