<annotation>
	<folder></folder>
	<filename>IMG_0079_jpg.rf.78039ec54a41006e4842cf69e88a7453.jpg</filename>
	<path>IMG_0079_jpg.rf.78039ec54a41006e4842cf69e88a7453.jpg</path>
	<source>
		<database>roboflow.ai</database>
	</source>
	<size>
		<width>416</width>
		<height>416</height>
		<depth>3</depth>
	</size>
	<segmented>0</segmented>
	<object>
		<name>dog</name>
		<pose>Unspecified</pose>
		<truncated>0</truncated>
		<difficult>0</difficult>
		<occluded>0</occluded>
		<bndbox>
			<xmin>234</xmin>
			<xmax>315</xmax>
			<ymin>155</ymin>
			<ymax>318</ymax>
		</bndbox>
	</object>
</annotation>
