<annotation>
	<folder></folder>
	<filename>IMG_0062_jpg.rf.9799f6ec68f15fbfcca91d69379f071a.jpg</filename>
	<path>IMG_0062_jpg.rf.9799f6ec68f15fbfcca91d69379f071a.jpg</path>
	<source>
		<database>roboflow.ai</database>
	</source>
	<size>
		<width>416</width>
		<height>416</height>
		<depth>3</depth>
	</size>
	<segmented>0</segmented>
	<object>
		<name>person</name>
		<pose>Unspecified</pose>
		<truncated>0</truncated>
		<difficult>0</difficult>
		<occluded>0</occluded>
		<bndbox>
			<xmin>124</xmin>
			<xmax>263</xmax>
			<ymin>32</ymin>
			<ymax>411</ymax>
		</bndbox>
	</object>
	<object>
		<name>dog</name>
		<pose>Unspecified</pose>
		<truncated>0</truncated>
		<difficult>0</difficult>
		<occluded>0</occluded>
		<bndbox>
			<xmin>227</xmin>
			<xmax>331</xmax>
			<ymin>265</ymin>
			<ymax>412</ymax>
		</bndbox>
	</object>
</annotation>
