<annotation>
	<folder></folder>
	<filename>IMG_0083_jpg.rf.c61be51dc0432b815b0a280200dc1d73.jpg</filename>
	<path>IMG_0083_jpg.rf.c61be51dc0432b815b0a280200dc1d73.jpg</path>
	<source>
		<database>roboflow.ai</database>
	</source>
	<size>
		<width>416</width>
		<height>416</height>
		<depth>3</depth>
	</size>
	<segmented>0</segmented>
	<object>
		<name>dog</name>
		<pose>Unspecified</pose>
		<truncated>0</truncated>
		<difficult>0</difficult>
		<occluded>0</occluded>
		<bndbox>
			<xmin>2</xmin>
			<xmax>361</xmax>
			<ymin>95</ymin>
			<ymax>412</ymax>
		</bndbox>
	</object>
</annotation>
