<annotation>
	<folder></folder>
	<filename>IMG_0010 2_jpg.rf.46cafff576a72e49d3707a91ce14158b.jpg</filename>
	<path>IMG_0010 2_jpg.rf.46cafff576a72e49d3707a91ce14158b.jpg</path>
	<source>
		<database>roboflow.ai</database>
	</source>
	<size>
		<width>416</width>
		<height>416</height>
		<depth>3</depth>
	</size>
	<segmented>0</segmented>
	<object>
		<name>person</name>
		<pose>Unspecified</pose>
		<truncated>0</truncated>
		<difficult>0</difficult>
		<occluded>0</occluded>
		<bndbox>
			<xmin>354</xmin>
			<xmax>382</xmax>
			<ymin>201</ymin>
			<ymax>282</ymax>
		</bndbox>
	</object>
</annotation>
