<annotation>
	<folder></folder>
	<filename>IMG_0041 2_jpg.rf.7be9e08190ed8632a687c1845b570fcc.jpg</filename>
	<path>IMG_0041 2_jpg.rf.7be9e08190ed8632a687c1845b570fcc.jpg</path>
	<source>
		<database>roboflow.ai</database>
	</source>
	<size>
		<width>416</width>
		<height>416</height>
		<depth>3</depth>
	</size>
	<segmented>0</segmented>
	<object>
		<name>dog</name>
		<pose>Unspecified</pose>
		<truncated>0</truncated>
		<difficult>0</difficult>
		<occluded>0</occluded>
		<bndbox>
			<xmin>92</xmin>
			<xmax>356</xmax>
			<ymin>58</ymin>
			<ymax>278</ymax>
		</bndbox>
	</object>
</annotation>
