<annotation>
	<folder></folder>
	<filename>IMG_0094_jpg.rf.03dbd175cdbd5379608debcc783a5361.jpg</filename>
	<path>IMG_0094_jpg.rf.03dbd175cdbd5379608debcc783a5361.jpg</path>
	<source>
		<database>roboflow.ai</database>
	</source>
	<size>
		<width>416</width>
		<height>416</height>
		<depth>3</depth>
	</size>
	<segmented>0</segmented>
	<object>
		<name>person</name>
		<pose>Unspecified</pose>
		<truncated>0</truncated>
		<difficult>0</difficult>
		<occluded>0</occluded>
		<bndbox>
			<xmin>256</xmin>
			<xmax>283</xmax>
			<ymin>207</ymin>
			<ymax>248</ymax>
		</bndbox>
	</object>
	<object>
		<name>person</name>
		<pose>Unspecified</pose>
		<truncated>0</truncated>
		<difficult>0</difficult>
		<occluded>0</occluded>
		<bndbox>
			<xmin>238</xmin>
			<xmax>259</xmax>
			<ymin>210</ymin>
			<ymax>250</ymax>
		</bndbox>
	</object>
</annotation>
