<annotation>
	<folder></folder>
	<filename>IMG_0080_jpg.rf.e604b7f720f52b80eb22e503b3125abb.jpg</filename>
	<path>IMG_0080_jpg.rf.e604b7f720f52b80eb22e503b3125abb.jpg</path>
	<source>
		<database>roboflow.ai</database>
	</source>
	<size>
		<width>416</width>
		<height>416</height>
		<depth>3</depth>
	</size>
	<segmented>0</segmented>
	<object>
		<name>dog</name>
		<pose>Unspecified</pose>
		<truncated>0</truncated>
		<difficult>0</difficult>
		<occluded>0</occluded>
		<bndbox>
			<xmin>215</xmin>
			<xmax>284</xmax>
			<ymin>172</ymin>
			<ymax>362</ymax>
		</bndbox>
	</object>
</annotation>
