<annotation>
	<folder></folder>
	<filename>IMG_0006 2_jpg.rf.ebb7bc29f5046513f04ba52fa0ca3b50.jpg</filename>
	<path>IMG_0006 2_jpg.rf.ebb7bc29f5046513f04ba52fa0ca3b50.jpg</path>
	<source>
		<database>roboflow.ai</database>
	</source>
	<size>
		<width>416</width>
		<height>416</height>
		<depth>3</depth>
	</size>
	<segmented>0</segmented>
	<object>
		<name>dog</name>
		<pose>Unspecified</pose>
		<truncated>0</truncated>
		<difficult>0</difficult>
		<occluded>0</occluded>
		<bndbox>
			<xmin>221</xmin>
			<xmax>309</xmax>
			<ymin>116</ymin>
			<ymax>323</ymax>
		</bndbox>
	</object>
</annotation>
