<annotation>
	<folder></folder>
	<filename>IMG_0023 2_jpg.rf.444d61451efc5220dfd9c51146491f84.jpg</filename>
	<path>IMG_0023 2_jpg.rf.444d61451efc5220dfd9c51146491f84.jpg</path>
	<source>
		<database>roboflow.ai</database>
	</source>
	<size>
		<width>416</width>
		<height>416</height>
		<depth>3</depth>
	</size>
	<segmented>0</segmented>
	<object>
		<name>person</name>
		<pose>Unspecified</pose>
		<truncated>0</truncated>
		<difficult>0</difficult>
		<occluded>0</occluded>
		<bndbox>
			<xmin>248</xmin>
			<xmax>268</xmax>
			<ymin>60</ymin>
			<ymax>141</ymax>
		</bndbox>
	</object>
	<object>
		<name>person</name>
		<pose>Unspecified</pose>
		<truncated>0</truncated>
		<difficult>0</difficult>
		<occluded>0</occluded>
		<bndbox>
			<xmin>222</xmin>
			<xmax>248</xmax>
			<ymin>67</ymin>
			<ymax>150</ymax>
		</bndbox>
	</object>
</annotation>
