<annotation>
	<folder></folder>
	<filename>IMG_0107_jpg.rf.bec660cf9cd39a73fd8906abfe1400e1.jpg</filename>
	<path>IMG_0107_jpg.rf.bec660cf9cd39a73fd8906abfe1400e1.jpg</path>
	<source>
		<database>roboflow.ai</database>
	</source>
	<size>
		<width>416</width>
		<height>416</height>
		<depth>3</depth>
	</size>
	<segmented>0</segmented>
	<object>
		<name>person</name>
		<pose>Unspecified</pose>
		<truncated>0</truncated>
		<difficult>0</difficult>
		<occluded>0</occluded>
		<bndbox>
			<xmin>6</xmin>
			<xmax>272</xmax>
			<ymin>87</ymin>
			<ymax>416</ymax>
		</bndbox>
	</object>
</annotation>
