<annotation>
	<folder></folder>
	<filename>IMG_0084_jpg.rf.aa2f5d000b9509b400e88de036cd62c8.jpg</filename>
	<path>IMG_0084_jpg.rf.aa2f5d000b9509b400e88de036cd62c8.jpg</path>
	<source>
		<database>roboflow.ai</database>
	</source>
	<size>
		<width>416</width>
		<height>416</height>
		<depth>3</depth>
	</size>
	<segmented>0</segmented>
	<object>
		<name>dog</name>
		<pose>Unspecified</pose>
		<truncated>0</truncated>
		<difficult>0</difficult>
		<occluded>0</occluded>
		<bndbox>
			<xmin>1</xmin>
			<xmax>358</xmax>
			<ymin>40</ymin>
			<ymax>411</ymax>
		</bndbox>
	</object>
</annotation>
