<annotation>
	<folder></folder>
	<filename>IMG_0051 2_jpg.rf.bd2e891377e6097cd8c99247009092d0.jpg</filename>
	<path>IMG_0051 2_jpg.rf.bd2e891377e6097cd8c99247009092d0.jpg</path>
	<source>
		<database>roboflow.ai</database>
	</source>
	<size>
		<width>416</width>
		<height>416</height>
		<depth>3</depth>
	</size>
	<segmented>0</segmented>
	<object>
		<name>person</name>
		<pose>Unspecified</pose>
		<truncated>0</truncated>
		<difficult>0</difficult>
		<occluded>0</occluded>
		<bndbox>
			<xmin>284</xmin>
			<xmax>322</xmax>
			<ymin>126</ymin>
			<ymax>191</ymax>
		</bndbox>
	</object>
</annotation>
