<annotation>
	<folder></folder>
	<filename>IMG_0068_jpg.rf.a00748daf28aaf8592711b81bb142b6d.jpg</filename>
	<path>IMG_0068_jpg.rf.a00748daf28aaf8592711b81bb142b6d.jpg</path>
	<source>
		<database>roboflow.ai</database>
	</source>
	<size>
		<width>416</width>
		<height>416</height>
		<depth>3</depth>
	</size>
	<segmented>0</segmented>
	<object>
		<name>person</name>
		<pose>Unspecified</pose>
		<truncated>0</truncated>
		<difficult>0</difficult>
		<occluded>0</occluded>
		<bndbox>
			<xmin>308</xmin>
			<xmax>383</xmax>
			<ymin>79</ymin>
			<ymax>304</ymax>
		</bndbox>
	</object>
	<object>
		<name>dog</name>
		<pose>Unspecified</pose>
		<truncated>0</truncated>
		<difficult>0</difficult>
		<occluded>0</occluded>
		<bndbox>
			<xmin>206</xmin>
			<xmax>296</xmax>
			<ymin>217</ymin>
			<ymax>355</ymax>
		</bndbox>
	</object>
</annotation>
