<annotation>
	<folder></folder>
	<filename>IMG_0067_jpg.rf.7ccff52ab0ce02efae00b594648a07c1.jpg</filename>
	<path>IMG_0067_jpg.rf.7ccff52ab0ce02efae00b594648a07c1.jpg</path>
	<source>
		<database>roboflow.ai</database>
	</source>
	<size>
		<width>416</width>
		<height>416</height>
		<depth>3</depth>
	</size>
	<segmented>0</segmented>
	<object>
		<name>dog</name>
		<pose>Unspecified</pose>
		<truncated>0</truncated>
		<difficult>0</difficult>
		<occluded>0</occluded>
		<bndbox>
			<xmin>190</xmin>
			<xmax>312</xmax>
			<ymin>217</ymin>
			<ymax>412</ymax>
		</bndbox>
	</object>
	<object>
		<name>person</name>
		<pose>Unspecified</pose>
		<truncated>0</truncated>
		<difficult>0</difficult>
		<occluded>0</occluded>
		<bndbox>
			<xmin>97</xmin>
			<xmax>233</xmax>
			<ymin>4</ymin>
			<ymax>412</ymax>
		</bndbox>
	</object>
</annotation>
