<annotation>
	<folder></folder>
	<filename>IMG_0032_jpg.rf.f4a360270c4f8e13d0717d8f9680e56c.jpg</filename>
	<path>IMG_0032_jpg.rf.f4a360270c4f8e13d0717d8f9680e56c.jpg</path>
	<source>
		<database>roboflow.ai</database>
	</source>
	<size>
		<width>416</width>
		<height>416</height>
		<depth>3</depth>
	</size>
	<segmented>0</segmented>
	<object>
		<name>dog</name>
		<pose>Unspecified</pose>
		<truncated>0</truncated>
		<difficult>0</difficult>
		<occluded>0</occluded>
		<bndbox>
			<xmin>100</xmin>
			<xmax>348</xmax>
			<ymin>110</ymin>
			<ymax>411</ymax>
		</bndbox>
	</object>
</annotation>
