<annotation>
	<folder></folder>
	<filename>IMG_0032 2_jpg.rf.78fbd91102bac8fbc62c82afccdc9ad5.jpg</filename>
	<path>IMG_0032 2_jpg.rf.78fbd91102bac8fbc62c82afccdc9ad5.jpg</path>
	<source>
		<database>roboflow.ai</database>
	</source>
	<size>
		<width>416</width>
		<height>416</height>
		<depth>3</depth>
	</size>
	<segmented>0</segmented>
	<object>
		<name>person</name>
		<pose>Unspecified</pose>
		<truncated>0</truncated>
		<difficult>0</difficult>
		<occluded>0</occluded>
		<bndbox>
			<xmin>354</xmin>
			<xmax>379</xmax>
			<ymin>185</ymin>
			<ymax>256</ymax>
		</bndbox>
	</object>
</annotation>
