<annotation>
	<folder></folder>
	<filename>IMG_0017 2_jpg.rf.8b47c9b952e09bf0ac96b1a173ccf10d.jpg</filename>
	<path>IMG_0017 2_jpg.rf.8b47c9b952e09bf0ac96b1a173ccf10d.jpg</path>
	<source>
		<database>roboflow.ai</database>
	</source>
	<size>
		<width>416</width>
		<height>416</height>
		<depth>3</depth>
	</size>
	<segmented>0</segmented>
	<object>
		<name>person</name>
		<pose>Unspecified</pose>
		<truncated>0</truncated>
		<difficult>0</difficult>
		<occluded>0</occluded>
		<bndbox>
			<xmin>280</xmin>
			<xmax>315</xmax>
			<ymin>109</ymin>
			<ymax>214</ymax>
		</bndbox>
	</object>
	<object>
		<name>person</name>
		<pose>Unspecified</pose>
		<truncated>0</truncated>
		<difficult>0</difficult>
		<occluded>0</occluded>
		<bndbox>
			<xmin>237</xmin>
			<xmax>275</xmax>
			<ymin>116</ymin>
			<ymax>228</ymax>
		</bndbox>
	</object>
</annotation>
