<annotation>
	<folder></folder>
	<filename>IMG_0085_jpg.rf.67559ef66be91895abe3fb3df2e0b146.jpg</filename>
	<path>IMG_0085_jpg.rf.67559ef66be91895abe3fb3df2e0b146.jpg</path>
	<source>
		<database>roboflow.ai</database>
	</source>
	<size>
		<width>416</width>
		<height>416</height>
		<depth>3</depth>
	</size>
	<segmented>0</segmented>
	<object>
		<name>dog</name>
		<pose>Unspecified</pose>
		<truncated>0</truncated>
		<difficult>0</difficult>
		<occluded>0</occluded>
		<bndbox>
			<xmin>2</xmin>
			<xmax>380</xmax>
			<ymin>85</ymin>
			<ymax>411</ymax>
		</bndbox>
	</object>
</annotation>
