<annotation>
	<folder></folder>
	<filename>IMG_0112_jpg.rf.016d04c2af3bc0221a5153d6af8b9f30.jpg</filename>
	<path>IMG_0112_jpg.rf.016d04c2af3bc0221a5153d6af8b9f30.jpg</path>
	<source>
		<database>roboflow.ai</database>
	</source>
	<size>
		<width>416</width>
		<height>416</height>
		<depth>3</depth>
	</size>
	<segmented>0</segmented>
	<object>
		<name>person</name>
		<pose>Unspecified</pose>
		<truncated>0</truncated>
		<difficult>0</difficult>
		<occluded>0</occluded>
		<bndbox>
			<xmin>288</xmin>
			<xmax>307</xmax>
			<ymin>246</ymin>
			<ymax>273</ymax>
		</bndbox>
	</object>
</annotation>
