<annotation>
	<folder></folder>
	<filename>IMG_0007 3_jpg.rf.e838060bfb5fba115ee350d6637ae440.jpg</filename>
	<path>IMG_0007 3_jpg.rf.e838060bfb5fba115ee350d6637ae440.jpg</path>
	<source>
		<database>roboflow.ai</database>
	</source>
	<size>
		<width>416</width>
		<height>416</height>
		<depth>3</depth>
	</size>
	<segmented>0</segmented>
	<object>
		<name>person</name>
		<pose>Unspecified</pose>
		<truncated>0</truncated>
		<difficult>0</difficult>
		<occluded>0</occluded>
		<bndbox>
			<xmin>325</xmin>
			<xmax>364</xmax>
			<ymin>196</ymin>
			<ymax>312</ymax>
		</bndbox>
	</object>
</annotation>
