<annotation>
	<folder></folder>
	<filename>IMG_0089_jpg.rf.61e4cf86ae240fc0dfffcc0ee8c20950.jpg</filename>
	<path>IMG_0089_jpg.rf.61e4cf86ae240fc0dfffcc0ee8c20950.jpg</path>
	<source>
		<database>roboflow.ai</database>
	</source>
	<size>
		<width>416</width>
		<height>416</height>
		<depth>3</depth>
	</size>
	<segmented>0</segmented>
	<object>
		<name>dog</name>
		<pose>Unspecified</pose>
		<truncated>0</truncated>
		<difficult>0</difficult>
		<occluded>0</occluded>
		<bndbox>
			<xmin>70</xmin>
			<xmax>342</xmax>
			<ymin>102</ymin>
			<ymax>375</ymax>
		</bndbox>
	</object>
</annotation>
