<annotation>
	<folder></folder>
	<filename>IMG_0102_jpg.rf.e6636eafffcf69e2afb75c88b29046c9.jpg</filename>
	<path>IMG_0102_jpg.rf.e6636eafffcf69e2afb75c88b29046c9.jpg</path>
	<source>
		<database>roboflow.ai</database>
	</source>
	<size>
		<width>416</width>
		<height>416</height>
		<depth>3</depth>
	</size>
	<segmented>0</segmented>
	<object>
		<name>dog</name>
		<pose>Unspecified</pose>
		<truncated>0</truncated>
		<difficult>0</difficult>
		<occluded>0</occluded>
		<bndbox>
			<xmin>223</xmin>
			<xmax>310</xmax>
			<ymin>257</ymin>
			<ymax>410</ymax>
		</bndbox>
	</object>
	<object>
		<name>person</name>
		<pose>Unspecified</pose>
		<truncated>0</truncated>
		<difficult>0</difficult>
		<occluded>0</occluded>
		<bndbox>
			<xmin>95</xmin>
			<xmax>164</xmax>
			<ymin>31</ymin>
			<ymax>327</ymax>
		</bndbox>
	</object>
</annotation>
