<annotation>
	<folder></folder>
	<filename>IMG_0036_jpg.rf.465e7097ca7633bc07b84b988d39546f.jpg</filename>
	<path>IMG_0036_jpg.rf.465e7097ca7633bc07b84b988d39546f.jpg</path>
	<source>
		<database>roboflow.ai</database>
	</source>
	<size>
		<width>416</width>
		<height>416</height>
		<depth>3</depth>
	</size>
	<segmented>0</segmented>
	<object>
		<name>dog</name>
		<pose>Unspecified</pose>
		<truncated>0</truncated>
		<difficult>0</difficult>
		<occluded>0</occluded>
		<bndbox>
			<xmin>6</xmin>
			<xmax>415</xmax>
			<ymin>85</ymin>
			<ymax>413</ymax>
		</bndbox>
	</object>
</annotation>
