<annotation>
	<folder></folder>
	<filename>IMG_0037_jpg.rf.3002f3e0353fc10886c1141a89fee7c5.jpg</filename>
	<path>IMG_0037_jpg.rf.3002f3e0353fc10886c1141a89fee7c5.jpg</path>
	<source>
		<database>roboflow.ai</database>
	</source>
	<size>
		<width>416</width>
		<height>416</height>
		<depth>3</depth>
	</size>
	<segmented>0</segmented>
	<object>
		<name>dog</name>
		<pose>Unspecified</pose>
		<truncated>0</truncated>
		<difficult>0</difficult>
		<occluded>0</occluded>
		<bndbox>
			<xmin>69</xmin>
			<xmax>384</xmax>
			<ymin>98</ymin>
			<ymax>395</ymax>
		</bndbox>
	</object>
</annotation>
