<annotation>
	<folder></folder>
	<filename>IMG_0009 2_jpg.rf.aefa2b51cce69d17fe9a2e5966b0942b.jpg</filename>
	<path>IMG_0009 2_jpg.rf.aefa2b51cce69d17fe9a2e5966b0942b.jpg</path>
	<source>
		<database>roboflow.ai</database>
	</source>
	<size>
		<width>416</width>
		<height>416</height>
		<depth>3</depth>
	</size>
	<segmented>0</segmented>
	<object>
		<name>person</name>
		<pose>Unspecified</pose>
		<truncated>0</truncated>
		<difficult>0</difficult>
		<occluded>0</occluded>
		<bndbox>
			<xmin>334</xmin>
			<xmax>368</xmax>
			<ymin>192</ymin>
			<ymax>282</ymax>
		</bndbox>
	</object>
</annotation>
